Name,Age,AadharCardNumber,PANCard,Email,Salary
Ravi Kumar,34,5218 4556 7865,ANXPK2905P,ravi.kumar@gmail.com,65000
Kiran Sharma,26,6792 0987 6543,BYDPL6721T,kiran.sharma@yahoo.com,45000
Sanjay Patel,45,8456 3214 9876,AZVPP2987R,sanjay.patel@hotmail.com,85000
Anita Singh,31,7532 8416 2739,DKPAS1234E,anita.singh@gmail.com,55000
Vikram Sethi,29,4583 2963 7102,BEDJS7502T,vikram.sethi@hotmail.com,50000
Priya Mehta,27,5624 3098 6710,AHBPM8435L,priya.mehta@yahoo.com,48000
Rajesh Verma,42,7631 2406 9028,CYPKV1263F,rajesh.verma@gmail.com,75000
Amit Kumar,35,6130 6795 2785,DVKSS0896H,amit.kumar@hotmail.com,68000
Pooja Sharma,28,1985 7610 2431,AGKPS7521F,pooja.sharma@gmail.com,52000
Neha Gupta,33,2841 0376 5619,ECQPL6742T,neha.gupta@yahoo.com,62000
Sandeep Singh,37,6154 2897 0734,BSXPD4261R,sandeep.singh@hotmail.com,72000
Kavita Sharma,29,8734 0695 4321,CYQDS2742F,kavita.sharma@gmail.com,50000
Mohit Gupta,31,7369 1540 8267,DITPL3418F,mohit.gupta@hotmail.com,55000
Nisha Patel,24,9325 7630 6810,AZLPD9021H,nisha.patel@yahoo.com,42000
Deepak Sharma,44,5472 8935 1201,DSOPS4702Q,deepak.sharma@gmail.com,80000
Aarti Singh,36,6140 2739 4186,CYVPA7865G,aarti.singh@hotmail.com,69000
Vikas Verma,39,3706 8429 1603,EBWPD1968R,vikas.verma@gmail.com,68000
Sonali Patel,25,5690 3018 0246,AJHPM5268P,sonali.patel@yahoo.com,45000
Aakash Singh,30,7823 9460 2756,CYNPA4973G,aakash.singh@hotmail.com,58000
Nidhi Verma,32,5180 7409 2873,CYGPN9435L,nidhi.verma@gmail.com,59000
Rajat Sharma,43,6419 8275 5301,ANLPS4827L,rajat.sharma@hotmail.com,78000
Smita Gupta,29,9204 6731 8512,ANMPS7364G,smita.gupta@yahoo.com,52000
John Doe, 28, 1234 5678 9012, AB1234567, john.doe@example.com, 50000
Jane Smith, 34, 2345 6789 0123, CD2345678, jane.smith@example.com, 65000
Bob Johnson, 42, 3456 7890 1234, EF3456789, bob.johnson@gmail.com, 75000
Sara Lee, 29, 4567 8901 2345, GH4567890, sara.lee@example.com, 55000
Tom Thompson, 31, 5678 9012 3456, IJ5678901, tom.thompson@gmail.com, 60000
Amy Adams, 25, 6789 0123 4567, KL6789012, amy.adams@example.com, 45000
David Davis, 39, 7890 1234 5678, MN7890123, david.davis@hotmail.com, 70000
Emily Scott, 27, 8901 2345 6789, OP8901234, emily.scott@example.com, 52000
Alex Rodriguez, 33, 9012 3456 7890, QR9012345, alex.rodriguez@example.com, 62000
Maria Garcia, 36, 0123 4567 8901, ST0123456, maria.garcia@gmail.com, 68000
Benjamin Franklin, 47, 1234 5678 9012, AB1234567, benjamin.franklin@cox.com, 80000
Kim Kimble, 30, 2345 6789 0123, CD2345678, kim.kimble@example.com, 58000
Henry Higgins, 37, 3456 7890 1234, EF3456789, henry.higgins@yahoo.com, 69000
Eva Evans, 28, 4567 8901 2345, GH4567890, eva.evans@example.com, 50000
Frankie Frost, 26, 5678 9012 3456, IJ5678901, frankie.frost@yahoo.com, 47000
Grace Grant, 35, 6789 0123 4567, KL6789012, grace.grant@example.com, 64000
Helen Hunt, 41, 7890 1234 5678, MN7890123, helen.hunt@example.com, 74000
Ian Ingram, 29, 8901 2345 6789, OP8901234, ian.ingram@gmail.com, 56000
Jasmine Jones, 32, 9012 3456 7890, QR9012345, jasmine.jones@yahoo.com, 61000
Kevin Kelly, 38, 0123 4567 8901, ST0123456, kevin.kelly@example.com, 72000
Laura Lee, 24, 1234 5678 9012, AB1234567, laura.lee@cox.com, 42000
Mark Miller, 31, 2345 6789 0123, CD2345678, mark.miller@example.com, 60000